Time,PD_Level_True,PD_Level_Predicted
2.86770973749169,0.0001491462492161,-1.0646591615652199e-05
2.87077285658832,-0.0004638185868615,-9.923624606632619e-05
2.87281560741943,-0.0014189838925778,-6.767566877905448e-05
2.8742940124981,0.0009093423733796,-5.329996344013225e-05
2.87614733970076,-0.0008785596289515,1.5949037631045492e-05
2.87863802157614,-0.0002871869794771,-8.459245185735227e-05
2.88144273763254,-0.0006848513597407,0.00026906975047262283
2.88336802041952,0.0001694718840836,0.00017858498427769854
2.88496868679615,0.0006807779225107,0.00020718608013173742
2.88699073429288,0.0012741690219479,9.54985651549741e-05
2.88991003200525,-0.0001459509961294,-0.0001798341880302052
2.89210138844834,0.0007474845924602,-5.3554287071156264e-05
2.89382644423405,-0.0002093112825667,0.00012515649904392353
2.8953618341908,-0.0007295180822892,-3.4530176218282564e-05
2.89716217209835,-0.0002096232439087,0.00012881486561353147
2.90043531032962,-0.0007921841988688,-0.00011978004587156589
2.90244150654548,0.0008476579965433,6.959333225462995e-05
2.90409716275228,0.0015896332392902,-0.0001705364003782137
2.90584280109707,0.0003558779073945,-6.106765305986206e-05
2.90791538718126,-9.39200424780209e-05,0.00025509984184697484
2.91111020979355,-0.0008861446989412,0.00010816762756972379
2.91306062323593,-0.0008419672862103,0.00016955768547860647
2.9146047442363,0.000302711967539,7.449145108914327e-05
2.91644825772889,-0.0001073546756437,-3.981581744933508e-05
2.91862776552313,1.92849401773469e-05,0.0001984603818935007
2.92145062394087,-0.0005867358827527,3.287601399312029e-05
2.92329607050068,0.0001128951297329,-0.00010233641950181129
2.9247744247686,-0.0017632314089598,1.371105615325636e-05
2.92655453956531,0.0005847100405977,-0.00012179356895873445
2.92895280118656,7.93187598437369e-05,-7.247271036043732e-05
2.93155069094687,6.5267260522223e-05,7.553626384652963e-05
2.93337391208836,-0.0002937407419724,7.875672330991396e-05
2.93492727427914,-0.0001547697020546,0.00024114805971512786
2.93679799130529,0.0008055005905779,-0.00021840163479399985
2.93977319084088,-0.0004983248084028,-5.967583051121172e-05
2.94201360406278,0.0008231302582785,7.109163946907809e-05
2.94386114072622,0.0003530860047597,-0.0001047959553688752
2.94537593312677,-0.0009427245123403,0.00019317926955867326
2.94743405033767,0.0002810013198508,0.00024923289259630194
2.95043008725848,0.001030544227808,8.537342281399123e-05
2.95246645631377,0.0004406784929338,-7.168156746879139e-05
2.95399929293431,0.0008297988181448,1.1905032340587028e-05
2.95557567264035,0.0012784684648494,1.7325392169061085e-05
2.95769036070937,-0.0001612051085673,-1.7266751081728286e-05
2.96077765969037,0.0008961779070178,-1.3513448185025082e-05
2.96279315546809,-0.0003009774524159,-0.00011400368968298475
2.96427775135494,0.0002380669332146,-0.00011109672350113855
2.96604539134854,0.0011922318710373,0.00015581819371690168
2.96832687655733,-0.0005620255144648,0.0003782987474920022
2.9713675267477,0.0005986381338055,-0.00010658326207718601
2.97321113010081,0.0006118648310412,-7.112963659978107e-05
2.9746070362182,-0.0008609854020151,1.9297275638015635e-05
2.97654829668956,6.30873648242882e-05,0.00020284969519851405
2.9792742987959,0.0002602971577726,-0.00013928153153349883
2.9816741200107,-1.62545875139948e-05,8.782192593447436e-05
2.98346899817439,0.000153373561237,9.964604782889793e-05
2.98489526638285,-0.0008022191675498,3.109126920705346e-05
2.98685310193478,-0.0007259480074929,2.0745771428466152e-05
2.98991498807062,-0.0002644950852633,-7.962639868346768e-05
2.99211875621249,-0.0014882578943251,-0.00018088655699777367
2.99390172134226,0.00047824235629,-1.530906833697775e-05
2.99543847598833,0.0005793651582916,-0.00012731760046927996
2.99730304539628,-0.0016569695855191,0.00020049170148738165
3.00041566657318,8.59937252346909e-05,5.771480766602218e-05
3.00249728726935,-0.0008942781805436,4.106789010507512e-05
3.00408686920058,0.0005430910271102,6.628101181486552e-05
3.00584938675319,-8.13883043703468e-05,-1.146553152801142e-05
3.00805288729958,4.35258439275089e-05,1.0245221513496193e-06
3.01099309420659,0.000155595410643,-0.0001551793505492305
3.01296489459628,0.0004947175291091,-0.00018094200699271372
3.01436657463087,0.0011014038267471,5.856644468405764e-05
3.016214018665,0.0009224732055954,-1.7129346171046934e-05
3.01858775700498,-1.20968442699125e-05,-9.206007213664096e-05
3.02156514122624,0.0013518131201264,-0.0001239032689726004
3.0233592133141,0.0005576068754703,0.00012636098957935225
3.02476538231947,-0.0006199057263918,0.00017857482309248396
3.0265221447656,-0.0013982572512503,5.755807691244571e-05
3.02937265248363,-7.09173377063834e-05,2.144732706389813e-05
3.03174891311921,0.0006658633362932,-8.106474790340063e-06
3.03351358438771,-0.0008533013075861,-1.5276048075936157e-05
3.0349256014183,0.0002976976738313,6.602462826869863e-05
3.03681142199666,0.0009790040337209,-9.74056692052513e-05
3.03955390573773,0.000766313239969,0.00021486137007283292
3.04186781158066,-0.0010387893414384,8.939859520882777e-05
3.04370356598066,5.48598732746597e-05,-0.000142073485353155
3.04521940809796,-0.0002597209043027,-5.8457110614968776e-05
3.04709459935809,-0.0006591673492025,-0.00015995395365804403
3.05019482600849,0.0005348747621054,0.0002762552344405733
3.05225988560099,0.0003682106554252,-0.00010171820567234851
3.05395871585604,-6.52988756124149e-05,9.274471046565324e-06
3.05556877142505,-0.0004183968871532,-4.0349087460655725e-05
3.05755966216544,-0.0005933725749046,0.00018303442350827418
3.06055939395486,-0.0002160090269579,-3.574972287603731e-05
3.06262110332738,0.0013195449529344,0.00013793424401808193
3.06423628371697,-0.0008000557963875,-8.206173442331524e-05
3.06583916735585,0.0001365439459251,4.0430767269329415e-05
3.06804235760796,0.0003878779355855,0.0002201493312774023
3.0711783441642,-0.0023179827505334,0.00013741154815426294
3.07316011255085,4.98268674012036e-05,9.478236372430689e-05
3.07453322350726,0.0006428474461875,1.3546582175692693e-05
3.07636517991252,0.0003727762974695,0.0001523589458377424
3.07897458019996,5.74270943422911e-05,0.0001653710380501675
3.08159149965349,-0.0008381720426591,-2.0360831912460128e-05
3.08335771975564,-0.0008972338778394,-3.496824953695063e-06
3.0848151184837,3.5761838906383e-05,0.00017470375677504387
3.08657438910156,-0.0015853138939156,-0.00010434407287003923
3.08938166150894,0.0001312616575883,-9.825915559642686e-06
3.09174023160695,-0.0002806191147697,-0.00015800675419097655
3.09347718767185,0.000696250596793,9.544189344892794e-06
3.09495285465397,-0.0002867421725801,0.0001545823400937257
3.09694007526259,-3.42669582002676e-05,3.900732220153153e-06
3.09998205794633,-0.0005436756389407,-5.536082395010873e-05
3.10209278266921,-0.000252187889394,5.0879502580181436e-05
3.10381704470084,-0.0008202444435587,-0.0003221916002491422
3.10537534999419,-0.0012859701301343,0.00013950889746904807
3.10734402995846,-0.0009770378811389,-7.987897159707478e-05
3.1103857519841,0.0018389210095583,-8.078652480982512e-05
3.11250437636064,-0.0011604808835432,-4.252778180091165e-05
3.11412592001346,0.000520153486127,-7.327890135254754e-05
3.11571830186827,0.0003049213630605,-0.00014706039249129526
3.11788359563925,-0.0006273447450143,-0.0002250698477063838
3.12101480529455,-0.0001778295087799,-7.319004572012157e-05
3.12300184408678,0.0001890262966465,1.0245569031796034e-05
3.12438958795517,-0.0009710844479747,-2.8131008350839655e-05
3.12642032350794,-0.0010033521767176,0.00018510580628309104
3.12896566816195,0.0001285502855765,0.00017410984013188958
3.13161368255714,-0.0001427474423507,0.00017597706666857947
3.13343516530075,0.0014364774910294,-4.3909129091675435e-05
3.13488197071738,0.0004787781132061,0.0005101245890546793
3.13665680958969,-3.0503979971305e-05,9.839519357375498e-05
3.13939145369862,0.000534442167852,-6.710450675087923e-05
3.14185534465611,9.82736719604863e-05,-6.531164977912336e-05
3.14363059758432,0.0010908149944413,-2.0711565992839963e-05
3.14510910837212,0.0014179435548791,0.00027082901191274997
3.14703708775221,-0.0004040172879216,-0.0001481099895202018
3.15011299629162,-0.0008799701846078,0.00010267601720398999
3.15226213443708,0.0003659578061424,0.00018287247284560842
3.15390589866056,0.0004954134376529,-9.202016036888728e-05
3.15550706473633,0.0010163911882176,-0.0001119723341878723
3.15753989539737,0.0005128173517045,-2.5700443761285416e-05
3.16069406273025,-0.0005417646982582,-7.721094311257123e-05
3.16273188127612,0.0002050149537865,-8.32229035242566e-05
3.16424534366736,-0.0009011077825429,3.244360590265186e-05
3.16608761663608,-0.0002697041087043,0.00014180046609065162
3.1682337838296,0.0001149837881474,-0.0001301611089304793
3.17136170602732,0.0007079447894448,6.680879096327868e-05
3.17332045894459,-0.001356907477258,-9.471397735038699e-06
3.17487275915903,0.0004966069423619,0.0001766805526237179
3.17670049389873,0.000981416692837,0.0003636198606222281
3.1793822324646,-0.0001890903908791,0.00012314639864254457
3.18183606208249,3.53903223503409e-05,8.569211398117672e-06
3.1836181482852,0.0004712647677548,-1.3722589797185178e-05
3.18505898134047,-0.0005540209776288,0.00017331932755566425
3.18687770239438,0.0004866148835959,-9.843340769097053e-05
3.18972778304873,-0.0009148147318025,0.0001549423254544739
3.19186241595947,0.0001390091376395,-0.00012487262585886128
3.19365258682448,0.0009780278280521,9.053489306497294e-06
3.19507738224246,0.0005058533983613,-4.592890224888271e-05
3.19694822199175,0.0001014232402026,1.8067083988167554e-05
3.20002872059383,0.0006499944571998,6.600259482077512e-05
3.20222417935263,0.0005624421646046,9.777224859706063e-05
3.20404648556748,0.000279103526844,0.00013323164654103773
3.20559915807114,-0.0006202709174663,9.47958532203488e-05
3.20766000934253,0.0001767584894636,-0.00011025255991526164
3.21085687960108,-3.70397476507452e-05,4.221748349023744e-05
3.21282462612007,-0.0008010960640334,0.00023651281845194082
3.21435179585739,0.0012363429207563,3.4289793668075444e-05
3.2161208857835,0.0005155183720924,-7.302576147151778e-05
3.21863102384737,0.0004239432602926,0.00032280186460675333
3.22141817089197,0.0008462520215291,-0.00016530394468138918
3.22317760407782,-9.7072748705602e-05,0.00011515080112686361
3.22460860667232,0.0023486138636097,0.00026576959041854523
3.22648183763503,-0.0013987585012115,8.938182400713254e-05
3.22954967632,-0.0007188426727913,4.4178985384294875e-05
3.23182147178533,-0.0021603706745586,0.00017099749184881825
3.23369541987473,-0.0014585806084594,-8.038435100303578e-05
3.23511288953661,0.001010500331581,0.00019362396335782063
3.23715426670766,0.0018219322459409,5.404393251348492e-05
3.24013823821852,-0.000712880568336,0.00013781673384357138
3.24226232771972,0.0006630076473917,-6.549380586499319e-05
3.24400255850707,-0.0009625417794108,0.00016608055248734007
3.24562829733456,-9.22730992712131e-05,2.4371671280067676e-05
3.24774309635528,0.0003596812479014,5.180275042358946e-05
3.25071687768581,0.0005075158107843,-9.794525103275944e-05
3.25268365239874,0.0001547812239963,-7.543834080719549e-05
3.25428654421951,-0.0007487423657653,6.772039472217172e-05
3.25602847392918,-0.0001016216067262,-2.546542255444471e-05
3.25841654379979,0.000292655489466,-6.085198777580473e-05
3.26136566396378,-0.0014178364118082,-4.6139695811701205e-05
3.26316696829359,0.0015305268118314,-6.225559992478085e-05
3.26470416917015,-0.000724077006683,-4.570499395259802e-05
3.26657073912076,0.0001625284908124,-6.135852309834066e-05
3.26954341620885,-0.0001310341022628,0.00017057966926019327
3.27197371154407,-0.0005893110697631,-2.2555926945619444e-05
3.27375218705786,0.0005290963219697,-7.982987838182811e-05
3.27515330265553,-0.0007663898563728,4.239086068137483e-05
3.27707485829724,0.0007325814361192,-2.7295827243110664e-05
3.28007234522673,-0.0004749582171747,0.00014074947791509863
3.28208711953091,0.0013949862911832,0.00014831265351409633
3.2838505429658,0.0008145804892754,-0.0001600568928606006
3.28539775824385,7.12261865276122e-05,0.00015309716007303107
3.28757509661741,0.0007468060848442,-2.843176071027555e-05
3.29071323040381,9.76174290522965e-05,0.0002792246792885099
3.29284830465882,0.0019644940299398,0.00036081760739072207
3.29434048365502,0.0012085299784225,-3.953036528085367e-05
3.29610601292642,0.001041714988158,2.4369278923364104e-05
3.29850077555363,7.94000442000688e-05,0.0002492987013407687
3.30125134358089,-0.0024420590984838,-7.986433474415344e-05
3.30305849646835,0.0003293776519211,3.575130078250844e-05
3.30451366509121,0.0001438462560046,-6.641262752479251e-06
3.30630706295473,0.0004394462233913,3.1489895325186964e-05
3.3088132053229,0.0002764844213126,8.180257421574621e-05
3.31155903830045,-0.0003449845532088,-6.30227498784942e-05
3.31339182453113,0.0005320062579496,0.0002231306728360521
3.31499966757896,0.0007343730178307,3.231387631898756e-06
3.31684544795689,0.0002830137045427,-5.098925327830346e-05
3.31993072673918,0.0011206095846399,0.00014659807053390777
3.32208643188273,0.0001083734903705,-4.6638031365696895e-05
3.32384574740286,-0.0001513732107425,7.528066295260306e-05
3.32539360066787,-0.0009633386458954,-0.00020023530632861907
3.32745557014122,-0.0003360656807747,0.00012883714479813247
3.33057800800793,-0.0004545225008995,9.13780977482113e-05
3.33266181047199,0.0004543267294238,0.00025197911814558104
3.33417269266762,0.000133619564652,-0.00020763177175045367
3.33593367016531,-7.7811776687135e-05,3.20226414307447e-05
3.33807018834166,0.0001636603795885,-6.0703197712777585e-05
3.34103200387596,0.0004590072078205,-3.668781481005396e-05
3.34293869953269,0.0009357722041676,0.0002799486166350906
3.34438215198223,-0.0011578517070296,0.00018466561402304688
3.3461618241519,-3.72347174645846e-05,-8.655115812650761e-05
3.34824892826651,0.001137164819137,-0.00013061152140777916
3.35118182528568,-0.0016144892451489,-8.38761745895002e-05
3.35309876207744,0.0008051697935921,-0.0001467770434645102
3.35457214897844,-6.3435155615897e-05,6.84761885875552e-05
3.35632086026647,0.0003537842052723,1.4311978419568739e-05
3.35860176774998,0.000458579359077,-4.868128146888788e-05
3.36143550466603,0.0002663474758416,3.679469081524179e-05
3.3632414792694,0.0002903486205828,5.284924807136847e-05
3.36473866663542,0.0006838841640551,-0.00011262154575614182
3.36666411356544,-0.0001916313784438,1.7372151069371106e-05
3.36964568440215,-0.0003205210649342,0.00015223802097339637
3.37202348140414,0.000952536560087,-4.051897784835109e-05
3.37377911160917,-0.000328416832456,-2.5692250570635994e-05
3.37530653540695,-0.0003086769213537,-0.00024032351622679303
3.37725937875905,-2.5796101274338e-05,0.00030550697181913557
3.38025279567625,-0.0011995995237058,0.00018061063271760972
3.38234127249615,0.0015810718576315,0.00027073622032139377
3.38404063069369,-0.0005081461484548,-0.00016048948682914678
3.3857201007591,-0.001790065258806,0.00024822532950645996
3.38774714380618,0.0002468607326018,5.6802408185601275e-05
3.39075460173,-0.0006283894965876,6.346582211587386e-05
3.39268092047548,-0.000753528134693,-2.4774079445057707e-05
3.39419729284023,-0.001475820467157,-4.412927927388647e-05
3.3958168799639,5.6247825644422e-05,9.302680064042684e-05
3.39795740759594,0.0009835324331388,-9.151673464528822e-05
3.4009537707898,8.85481105176361e-05,1.2161588926866488e-06
3.40289791717925,-0.0011198833480381,-1.7273056058776303e-05
3.40441008113651,0.0011361250011222,-0.00015451966346216283
3.40619104500126,0.0004979174287432,5.938132536567473e-05
3.40861057356342,0.0001929754046655,-3.115304305244882e-05
3.41135999114241,-0.0001631704276041,0.0001821096440901731
3.41323986166972,0.000671601886461,-3.456852120295582e-05
3.41467590208594,0.0023931915193891,-3.0902054679918914e-05
3.41660587700788,-0.0009636676115545,2.265107743845471e-05
3.41954566547599,-0.0002742401084974,6.132627485101993e-05
3.42185983177261,0.0005702433574239,7.0900288111708765e-06
3.42366877091309,-0.0009156095238062,5.9048054406652585e-05
3.42515702972552,-0.0010976031264816,8.333925787226225e-05
3.42716526384624,-0.000519929525788,-5.684036661408025e-05
3.43000041664973,0.0006433748223766,2.5518296796989687e-05
3.43222986577488,-0.0010571486590546,8.425941554305107e-05
3.4339713742989,-0.0003541413185885,-0.0001671019076356711
3.43566603151728,-0.0018372494157229,4.6697530805369037e-05
3.43781292083543,0.0006920515574559,-5.567062838109493e-05
3.44093648592066,-0.0002048878710973,0.00012169988769164753
3.44284164861431,0.0009588612862661,4.47423701068674e-06
3.44435644977621,-0.0010658166805337,-9.667593325367801e-05
3.44628153917142,-1.72063282378122e-05,0.00021027360952003972
3.4485747267351,0.0005945085299583,-0.00014313568154016165
3.45135590902124,0.0005030544412701,5.2923840660850785e-06
3.45336968238741,-0.0010425429755318,5.322432218981335e-06
3.45478279354587,5.41348335912646e-05,-0.0002652846869384966
3.45663113383688,-0.000107897120004,-0.00010594179041545927
3.45960287105237,-0.0010302055439335,0.00011697007385959715
3.46197357492768,0.0007982674211959,2.978382438688109e-05
3.46382505382202,0.0008505523251651,6.643356687567857e-05
3.46534172117357,0.0009928113696131,2.068199312153456e-05
3.467132052851,0.0009302339225156,-4.11388683200566e-06
3.47029796603764,-0.0002499363775506,0.0001108633222230932
3.4724380088022,9.88099916265742e-05,-1.526192633874987e-05
3.47402994609597,9.178083022979e-06,-0.00010194154910074754
3.47562575284273,-0.0025987428506367,8.53134926573651e-06
3.47764424062752,0.0005378419162924,-3.2770886255620466e-05
3.48047261331684,-0.0009574458260246,-1.8561971112200583e-05
3.48252242138549,0.0005429930603778,3.415379231929545e-05
3.48414152601696,0.0001342204929965,0.00016399393097708197
3.48587810544566,-0.0008073476178251,-4.713279591929671e-05
3.48830195547831,-0.0003390828564575,-0.0001925500198829191
3.4912440035273,0.0006464811818352,0.000106927883884979
3.49308514083409,6.20924296020475e-05,-0.00023977414623878226
3.49447222383407,1.19242443386331e-05,-4.3609224691408554e-05
3.49632016609116,0.000469546931563,-6.268175368840008e-05
3.49870061077358,0.0005267803553835,0.00011857585040269352
3.50158188267309,0.001226495714604,-5.153474243031033e-05
3.5033993504473,-0.0007284399624474,-2.8818472418240755e-05
3.50486436718889,-0.0017926014350638,0.00010861127219581856
3.5068549163169,-0.0010576968481979,0.0001632558292177556
3.50956555122802,-3.64973030494459e-05,3.0189723159805067e-05
3.51186743123773,0.0003883006051619,9.477828399072528e-06
3.51375528876992,0.0012080688646229,-0.00018363356062246137
3.51528851528405,-0.000963453590225,0.00019093733358414126
3.51723750250598,-0.000297852278557,0.00014534582392212355
3.52033963523702,0.001740719273058,0.00016376695675278117
3.52245247216772,-0.0011623363499434,-0.00010346399934854926
3.52409496331468,0.0014791392215703,-1.7427382536021625e-05
3.52572683886567,0.0006655609050688,0.0002663828376411764
3.52794217366008,-0.0009227924078093,5.913884171785145e-06
3.53104468929441,-0.0001685483823565,4.9565335170763035e-05
3.53301133290384,-0.000216347022267,0.0001410145672174855
3.53446637703221,0.0003769110577047,4.035431898122949e-05
3.53634624562283,0.0012236079791822,-7.442426247105076e-05
3.5387575446488,0.0012679100337621,1.0623000144473971e-06
3.5415450979877,0.000808211129492,2.967473520759681e-05
3.54331435177502,0.0005732188574561,8.544958988168423e-05
3.54471737673203,-0.0006001287741949,0.00011013604996387008
3.5465341538388,-4.95490190059198e-05,3.37586877232078e-05
3.54915718199557,0.0009428992527204,5.5577534679228186e-05
3.55156624794061,9.80716361385886e-05,-5.452416704674738e-05
3.55338559567254,-0.0006383441236588,5.527758146604144e-05
3.55482687104585,0.000946354734383,5.683287724079772e-05
3.55678103438717,0.0011140281606648,0.00016856341526185284
3.55950858600888,-0.0006695292378221,0.00014197992858307591
3.56182289789675,0.0005482235593005,-1.0674513741458195e-05
3.5637123342552,-0.0005477498516466,0.00011661308062260762
3.56513711472738,0.0001585907751375,-0.00016983241777159043
3.56718963243635,0.0007221149704614,1.1188543635027462e-05
3.57026250780104,0.0014416800272147,-4.7287981803634204e-06
3.57226438369609,0.0002538308520541,-8.91964184698593e-05
3.57393116146182,0.0002546323554164,6.484409040416689e-05
3.57547187306257,-0.0016471963720943,-3.290682057716165e-05
3.57763309841544,0.0005203259006722,-0.00010848087890477404
3.58069177883802,-0.0006938583127945,0.00021432659429319184
3.58272852879297,-0.0001752398095446,0.00014228996173059312
3.58424859606497,0.0004845925200049,0.00010149604921752725
3.58603887342225,0.0001945729204404,-9.70864234664712e-05
3.58831723973733,0.0004166258598007,8.962166414132551e-05
3.59119900053611,0.0004004262373483,-1.6367002799205337e-05
3.59303191744395,0.0011592839233845,-5.526660731682978e-05
3.59456000456679,-0.0006000960168923,-1.0421016184336505e-05
3.5964869478707,-0.0003599258089045,0.00021964410091558824
3.59887971298301,0.000289910294916,-1.3960139391047282e-05
3.60150997670289,0.0002487347130086,-0.00012627849365485298
3.60347382143161,0.0018088323548329,9.811191622887903e-05
3.60503638426764,0.0006440768201666,0.00016843371244281848
3.60704914846447,0.0020317829720718,-3.78658614399765e-05
3.60994897994763,-0.0008900230715637,-9.261714991340931e-05
3.61214459599994,0.0005215502120067,0.00013797617156805056
3.61380618301667,-0.0006809397181648,-8.939654632157105e-05
3.61538380886623,-0.0023845189875554,-9.557663121624971e-05
3.61742880545521,-0.0005896794395815,-3.95248542686901e-05
3.62047264278859,0.0001241467015577,-1.2343186725479012e-05
3.62253282613817,-0.0009299977919863,0.00011586938478296516
3.62404244898469,-0.0005898616685094,2.9680705265821343e-05
3.6256924017742,-0.0014345584016053,2.6633088977142817e-06
3.62788575313997,0.0005233699090192,-1.1171561199628976e-05
3.63103761462652,-0.0004154384818368,8.277190953391046e-05
3.63302606921988,0.0006482729092031,0.0001875710623926099
3.63444912933647,-0.0017908522872395,-8.926805211799895e-05
3.63612442154254,-0.0015859309597586,0.00021437625473885705
3.63836676322454,0.0003805274123345,-0.00017708877315777136
3.64114912811962,-0.0015433788129543,0.00010921785221874899
3.64315411476285,0.0017229214707328,0.00016282857177705383
3.64468134814215,0.0008605961805982,0.00017235415395311837
3.64652308824338,0.0019397464540997,0.00012292657979219208
3.64937820189393,-0.0007696016333351,-7.712293107770097e-05
3.65174550730234,-0.0016740226821486,0.00021197204999531607
3.65355558398289,-0.0013725981803644,-0.00019487548264210278
3.65496802468349,-0.0003764797172444,-7.724527858308636e-05
3.65683648461013,0.0005022862182058,9.555227940919765e-05
3.66005258820776,0.0003300694031574,1.8469388015062577e-05
3.66234445485428,-0.0003934794025344,9.563506566495493e-07
3.6640174361948,-0.0004400791647294,-2.7641236567902503e-05
3.66557705127429,-0.0015070853983303,0.0003478945962800528
3.66739059247873,-8.31803426414314e-05,-0.0001697614420133642
3.67044921640317,-0.0010643938395209,0.00011937925363991324
3.67232064259923,-0.000850142785917,3.6596471139785876e-05
3.67398391948031,-0.0012608652660125,1.3737699075848835e-05
3.67563485677533,-0.0008797911768391,3.814880815412597e-05
3.67795019337297,0.0005055977647108,-4.375562777262926e-05
3.68092125089456,-0.0020248193057631,1.8740198764103948e-05
3.6828502208968,0.0006161664438752,-0.00019647394945891997
3.68431549984025,6.37767528350375e-05,-0.0001266256441865015
3.68597434156232,-0.0009145791097825,0.00010155575438400975
3.68819670933226,-0.0008760225843601,2.6299317164407893e-05
3.69124615687962,0.0022767551355699,-0.0001065435852089059
3.69320927054143,-0.0004554330979445,-0.0002198113547712366
3.69468507667839,0.0008988379011328,-9.971053134104666e-05
3.69651321778237,0.0012037222686147,8.600056517120938e-05
3.69925151441979,0.0008228568593392,-3.747494592378112e-05
3.70161979444739,-0.0011717443890836,-4.257143080759913e-05
3.70345405521742,0.0013126680181476,-0.00023270942239885545
3.70495469352398,-0.0006431353458042,-6.941382545162786e-05
3.70684673829174,0.000591763242569,-6.3663187725469345e-06
3.70982026476686,-0.0002355573227498,6.680415883162464e-05
3.71212850132215,0.0003839841315363,0.00013061588641307385
3.713851984717,-0.0002882421635979,0.0001042058222203753
3.7154600535391,0.0007402820363289,-0.00011851649663685182
3.71738624786255,0.0010244745371545,-4.627912047881727e-05
3.72047486353963,-0.0002684056312929,0.00015854050410707998
3.72253057374305,0.0006189934844993,-0.0002166360092221414
3.72406513025885,-0.0008798569711429,-0.00012097894099623644
3.72569403971772,-0.000729166325079,0.00017095646606619212
3.72787037739415,0.0007206012951567,-5.4840027146685585e-05
3.73093361734766,8.1337464956648e-05,2.120291694889844e-05
3.73278787973464,0.0004746046461254,-0.00015996857194827699
3.7342975643508,0.0005381882966705,0.00014550772037007342
3.73598875914467,-0.0008075655792716,1.984909138880636e-05
3.73817800191094,-1.47374491444716e-05,-0.00019030484638959545
3.7409652580811,0.0009630923760611,3.5462227011176994e-05
3.74288718560144,-2.52263667388599e-05,-0.00011474154774936803
3.7443644576053,0.0001607074221567,8.857083846171606e-05
3.74618574085535,-0.0013130460420799,9.211657565902771e-05
3.74847476555284,0.0012590725798802,-7.617902659441706e-05
3.7513673356051,0.0004117809669416,-3.4937752730584624e-05
3.75329266879505,-0.0005094682267679,0.00017195243046553673
3.75485808778599,-8.36535110779252e-05,-2.617647578323901e-05
3.75701236499936,0.0004312143265223,4.354497090062778e-05
3.75992669465534,-0.0003244095494965,-9.372425146412569e-05
3.76214012768203,0.0015766442217129,-6.741756027503766e-05
3.763944341167,0.0007140250235177,0.00016894689564604255
3.76549014917283,2.09043283816419e-05,-2.8564744046640333e-05
3.76734125189055,0.0005951388083985,2.6710239245057373e-05
3.77040299330631,-5.61646615399045e-05,0.00013557539665796011
3.77242856347677,0.0027403973527503,-0.00012529836331743257
3.77410942535713,-0.0005036314368995,-0.0003019291082329414
3.77573995829254,0.0013267260406882,-0.00017357088714004093
3.77780228595889,-0.0005381473029953,0.00014357128975815565
3.78070659319496,0.0014239736592945,-2.251349262200586e-05
3.78263278014014,-0.001285472333916,-1.4972776584982459e-05
3.78424376132868,0.0017174022330052,1.0305154916402501e-05
3.7858702482924,0.0006584557241084,-3.4523785932991994e-05
3.78817313149812,-0.0005057975330292,9.564582038041533e-05
3.7911331181144,0.0015429282611086,0.00021343564426847697
3.79315398014063,0.0005250692524723,-0.00015825998607656982
3.7946088533154,-0.0004317528287141,-5.496854517870643e-05
3.79635100517762,-0.0001298016671265,0.00013793121383022687
3.79900548717418,0.0004780583316238,0.00017088349545306457
3.80166762960476,0.0001283228102014,-0.00018847376759064134
3.80352862969898,-0.0008435548366777,0.00012300612583613494
3.80511112761396,0.0010315859455942,-6.48140993999563e-05
3.80692933318902,0.0014293699068822,0.00010523189142560032
3.81014122379309,0.0006955610394309,1.5701835970657855e-05
3.81223647734579,0.0010163119565969,2.7456771517768864e-05
3.81390513947036,-0.0002586995881959,0.0001850128619647137
3.81545644300849,0.0003306212499788,-5.964902617431988e-05
3.81741840708707,-8.27653120446093e-06,3.6947746437966345e-05
3.82079664201299,-0.0009778879085251,8.816460984943781e-05
3.82288536302554,-0.0016108975487064,-4.617555913959837e-05
3.82454860635823,-0.0003050837465444,-7.85671968832242e-05
3.82640258358521,5.26656380340328e-05,9.046942536446176e-05
3.82910449937982,0.0015878138970075,-8.53656356859925e-05
3.83146012637557,0.0001051086178355,0.00013358223631434042
3.83336064821592,0.0007313357424074,-4.432946046526097e-05
3.83475496930745,-0.0002805847813872,-0.00010404502840796135
3.83662285088253,0.0010471703110262,-2.2437343262307002e-05
3.83929375654696,0.0003350980130042,4.830432334842882e-05
3.84187482790312,-0.0018024882470925,1.6648578880702712e-05
3.8437971637091,0.0007044697268306,9.440805891034284e-05
3.84528772009797,-0.0002734856923597,6.616646316901801e-05
3.84720846453473,0.0021456865849118,0.0003301290992195235
3.85039040478079,-0.0009532006109356,0.000130392517851815
3.85243276365274,-0.000776448181253,9.075036689953062e-05
3.8540677615443,0.0021514264377699,7.92334322559867e-05
3.85570820884912,-6.75898046519544e-05,0.000119814935322429
3.85779412662021,0.0004251762726718,2.1151768646111395e-05
3.86082451966449,-0.0012222134498656,9.317289387619371e-05
3.86275214347454,-0.0016096158470096,-9.800802435780957e-06
3.86429600935942,-0.0009441438103606,-9.32286626135071e-05
3.86605432789348,0.0005532795089526,1.005141868783605e-05
3.86821203916289,-6.11160859999866e-05,-0.00013990456563442623
3.8712565636985,0.0005070292768319,2.4592068949302234e-06
3.8732053106548,0.0005960660438092,0.00024126421046301305
3.8745576059757,0.0004893497474555,-8.938709259243122e-06
3.87631229412633,-0.0016021385708007,-1.484938048671816e-05
3.87867861642792,-0.0007806680140936,-0.00013889576782567272
3.88149004854742,-8.98597452481004e-05,-0.00022106725001911276
3.88344171923358,0.0003926896316878,4.128214822691748e-05
3.88495200678384,0.0012122120563995,-1.0450904095849506e-05
3.88686413244592,-0.0003749313820244,0.00022104924213976534
3.88965825536587,0.0005931142670194,0.00019248109828764293
3.89201399751722,-0.0007811387927038,-9.862906333572529e-05
3.89375525291487,0.0001982278642,0.000184791801461607
3.89530546006917,0.0007983872868679,3.940570949108558e-05
3.89722645480339,0.0001372784027976,0.00011593243970343858
3.90026479111182,-0.0012692206414875,0.00013508805588329813
3.90235702239891,-0.0010832876518672,-9.774805098539317e-05
3.90410585548913,0.0005461063829664,-0.00015572659890730718
3.90564473613536,-0.0012953644698666,5.526170950489349e-05
3.90759404098864,0.0004694806202969,0.00019845572488933126
3.91070988855279,-0.0010719429181739,5.105377448866517e-05
3.91264385484671,0.0025786420510359,-0.00011309970510117319
3.91412467954882,0.0009018868819114,4.0146416845352576e-06
3.9158243476758,0.0007517868552303,-0.00011892000628850942
3.91798462451889,0.0004380076096797,-2.5579494812317212e-05
3.92104892437317,0.0006115825191489,-9.89287317832152e-05
3.92290336675666,0.0007759628628243,0.00014722350383303018
3.92442546234524,0.0010826387171051,-8.106964046922002e-05
3.92630707520944,0.0022252853073067,7.353765831323227e-05
3.92855698338335,0.0005637911012364,5.560752633431886e-05
3.93153888167234,0.0005488044957537,-1.9607284420584924e-05
3.93332050349194,-0.0010755572262735,0.0002400716734124896
3.93482119151952,0.000246265452972,8.329679294093433e-06
3.93679896114004,0.000652757039066,6.059386689755653e-05
3.93969628033069,-0.0005953821170525,5.6191395402247495e-05
3.94206415849721,0.0014371682271304,0.00013609139486991668
3.94377938515945,-0.0005877092824052,4.687670008464113e-06
3.94510297697106,0.0005792729556318,9.050560181564722e-05
3.9469539420836,-0.0005701474256423,4.95320882640056e-05
3.95002758223416,-9.45635477680715e-05,0.00015357797017094855
3.95211643312269,0.0008988152707604,7.768518509968304e-05
3.95381657592126,-0.001023271032789,8.427164439052897e-05
3.95535458212409,-0.0005060116975694,-0.0002035071257512719
3.95743513173479,-0.0016286832509926,0.00019907441965637458
3.96066087821661,-0.001479202725603,0.000125238816238052
3.96253823519093,0.0009362256102758,0.0001064774051214793
3.96416350642166,-0.0014127654410307,6.459527027601739e-05
3.96584836908229,0.0001913920014869,3.0407546857160956e-05
3.96797344446758,0.0005390815680424,-0.00010390926673165514
3.97105542663042,-7.00240765566378e-05,0.000107545018469401
3.97292380192013,-0.0011591839063152,0.0001456823873702915
3.97435842311621,-0.0007515854139626,-0.00016583789967465452
3.97629608504211,-0.0007183435496398,-6.63047886370314e-05
3.97917574374191,-0.0007378272107052,-8.993963036537686e-05
3.98176069049589,0.0001380921257317,-0.00011332469332167924
3.98356835964219,0.0007525012276001,0.00015356175407306143
3.98500848585196,0.0006819022809421,4.550510994419283e-05
3.98692234383452,0.0001580340776179,0.00014128875866311767
3.98991173535217,0.0003887776143737,-0.00017549037863659548
3.99198261469974,0.0015777034271399,5.090584391019997e-06
3.99379940245592,-0.001027232920224,4.757058027548892e-05
3.99526808743205,-7.22307610619801e-05,0.00022984269958841526
3.99721150021503,-0.0017267681868405,0.00010641348918606278
4.00015604026143,0.0001085464920199,2.1200717101861724e-05
4.00231083379665,0.0008395230979183,2.5236648128497517e-05
4.00398385014292,0.0003478218960026,-0.00014325516390852722
4.00563220325635,-0.0001159567581555,-2.41333072393986e-05
4.00756898735247,0.0006067310127968,0.00012869592089935643
4.01068027617336,0.0006257611234768,-7.597965829403311e-05
4.0126685386,0.0020252722800066,-2.5289965189679626e-05
4.01418651315764,0.0002199037264711,0.00018711839354330057
4.01580218701493,0.0001237493562784,-0.0002955242681696499
4.01790994353751,-0.0003824201516519,0.00011418723251826408
4.02103190614996,-0.0022770438990627,0.00010467174251997311
4.02289870185041,-6.13908254676019e-05,-9.140814412097355e-05
4.02440055430233,0.0024980234494244,-0.00010691928743936275
4.0262089400763,0.0009265248024953,-0.00020166181055822612
4.02853118789559,0.0002773711222555,-1.3714148824969498e-05
4.03142310010861,0.0003690190091931,5.791564563352004e-05
4.03317471563742,0.00075128634372,2.014871019824168e-05
4.03461293267361,-0.0007765987344353,3.693090746995887e-05
4.03649921026905,0.0014203358399008,-1.226104145949842e-05
4.03922991148725,-0.0001110947600359,1.161971975070449e-05
4.04167719661949,0.0006484782538454,0.00011508411774112459
4.04346282845933,-0.0004263451548644,-7.314381351731569e-05
4.04497778053291,4.9406508609123e-07,-0.0001353651464585522
4.04706167228802,-0.0015528477187907,7.454868873007485e-05
4.05013469810664,0.0001777464356013,-5.4851678790754826e-05
4.05211909192988,-0.0002312883804274,-2.5314901166458678e-05
4.05383289781067,0.0009855869788678,-3.967880024277081e-05
4.05533780872624,0.0011149170590732,-8.397110094375253e-05
4.05709221293515,0.0014908790724939,3.281397732856447e-05
4.06020205084111,0.0005556240725247,0.0001685981543024227
4.06221982400648,-0.0003065616873808,-0.0001348705572169925
4.06383686280841,0.000827202361339,0.00012383815133516543
4.0653691368056,-0.000930588277416,-3.2198667603630004e-05
4.06733803545004,0.0011594803059195,-5.8734446196056764e-05
4.07027968911371,-0.0010178685004777,0.00018818796806016228
4.0724381759976,-0.0009501733923185,-0.0001447724000443098
4.07403422343138,0.0023427257146605,-8.889408478091567e-05
4.07556740940402,0.0014013656802594,-7.654733846698617e-05
4.07760306426356,-0.0008418882268035,2.2799684138582546e-05
4.08072954679261,7.00825778052917e-05,3.0145167675141218e-05
4.08280243661783,8.97161597450739e-05,4.210259710054089e-05
4.08430449225175,0.0015528685952684,-5.736377385497168e-05
4.0860834043934,0.000168965069615,0.00021869603456221658
4.08838134631304,0.0010632162934487,9.652000544105883e-08
4.09128900090989,-0.0016494943377681,-5.986703455897649e-05
4.09319776104851,0.0001509165380124,7.981589953330146e-05
4.09465638337828,-0.0012819061409846,-0.0003254766781165038
4.09640294585937,0.0008259101918607,0.0001985613317179949
4.09895135197446,0.0003367976031093,0.00023118148319877944
4.10141329885084,-0.0015021939053936,3.754079169997012e-05
4.10334143751866,-0.0006547107094948,-0.00018431281303462889
4.10478967606545,9.530242914594e-05,5.8568588419809065e-05
4.10666437115824,0.0007613420903878,-4.36462052550845e-05
4.10941133746935,0.000951986234213,5.4421130601654904e-05
4.11178282100442,-0.0008300936069869,-3.7164255852347946e-06
4.11358145779891,-0.001596886016742,7.001529733964063e-05
4.11502007826317,0.0015836063857269,1.433571231026982e-05
4.11696811284483,0.0002942011344266,-0.0002004933108319847
4.11992394146892,-0.0002300272907732,4.842077136304253e-05
4.12218412017598,-0.0009393919669713,-0.00030171708282458466
4.12385573801163,0.0004988079350881,4.743898055101993e-05
4.12532699350079,5.89745801967046e-06,-7.506229789458537e-06
4.12736588300095,-0.000315955028396,-8.661214952536965e-06
4.13048055496862,0.0009801473308961,-2.8708529024150628e-05
4.13246461388658,0.0004556130736217,1.9421620345794308e-05
4.13414425525418,0.0004680617532467,-8.83083951578007e-05
4.13587668047683,-0.0006975498999042,-0.00012911095465723495
4.13793763223095,0.0016276894774543,0.00018854192590590714
4.14089151809316,0.000287448492005,0.00018933984628172808
4.14271679188968,0.0037165153952016,-1.1879358003317716e-05
4.1442072126817,-0.0003471668455895,-8.136457636463574e-05
4.14582412463872,-0.0004012943756579,0.00023041822228003146
4.1480291555537,-0.000726512841956,5.759241624143809e-06
4.15090951031947,-0.0012993163789313,0.0002168455759844481
4.15279867889863,-0.0010438023248045,0.00010864484068734011
4.1543002086863,-0.0003281313260194,0.00011502558245899167
4.1559143119935,-0.0010497678438687,6.42239016668986e-05
4.15800363570503,0.0003042878468085,-4.35774821161823e-05
4.16121111772657,-0.000106474673756,0.0002161250519320786
4.16304702333658,-0.0005075120558513,-8.682210104461938e-06
4.16456169018694,-0.0019320098597106,4.2997850091619116e-05
4.16640844222611,0.0009167405385665,-2.805825783356322e-05
4.16924049085724,0.0004852664411509,0.00018082941242694443
4.17169652321646,-0.0017190009617784,7.245023733977914e-05
4.17344330574222,0.0001663232978804,-0.00014879805868872592
4.17496340970208,0.0002126045222671,0.00014968157021659465
4.17680389507845,-0.0013213680948801,8.269338282082981e-05
4.17985317603028,0.0001558078383917,0.00015770537116610426
4.1821897575494,0.0004555273933244,-0.0001902872860018123
4.18393677371633,-0.0016226834613892,9.713850265119323e-05
4.18548722878468,-0.0014872186875722,4.087434655347996e-05
4.18746240380203,0.0001832594952582,5.5744351456951324e-05
4.19051434522791,0.0006816314943912,0.00011865129094932144
4.19245182145513,-0.0009969978664186,6.525264475640521e-05
4.19407500210983,0.0009633114625544,0.00010764495163899382
4.19567478724395,0.0010220180456314,0.00017162810340336194
4.19762857386912,-0.0014144386725881,7.822754386835933e-05
4.2006140609259,0.0009205364151022,0.00032087815901026267
4.20255345106386,0.0009659977645019,0.00011928762239048215
4.20410753018807,3.14383778030612e-05,0.00013971697663781426
4.20571583565229,-0.0003129348057444,-3.16267946464677e-05
4.20801883299811,-0.0010870992747861,2.7031027877659944e-05
4.21096390856233,-0.001015576735569,9.565057345532977e-05
4.21290351416065,-0.0011673491536144,1.8076507891502083e-06
4.21443127726233,0.0003211916288973,-8.658470586223532e-05
4.21631226182595,0.0002767916009973,0.00015515006092290095
4.21891914508534,0.000354084079182,-3.792810168747423e-05
4.22168000768222,-0.0021288625051247,0.00012458214445771237
4.2236401724093,-0.0010054508530297,-7.960220610953589e-05
4.22510045999271,0.0001749232421675,-5.8328629974507654e-05
4.22698674882682,-0.0007380609776043,2.873113272560875e-06
4.22997711240941,-0.0002741501234718,-2.6674991397178557e-05
4.23221337448741,-0.0013374929278935,-0.00014281006151432605
4.23386003715336,-0.0001204650714679,-2.335008611289473e-05
4.23532909731496,0.000215196098969,-0.00011450253066352241
4.23719863380537,-0.0012172836683879,7.031847218785564e-05
4.24032302437902,0.0004513672124348,0.0002604024446404775
4.2423645897984,0.0009852412729685,0.00033587064035028776
4.24406197074002,0.001833750986151,5.752563666029626e-05
4.24571245791529,0.0003153520599593,-0.00014728599721924304
4.24776213154479,-0.0005224809317654,-8.065632704612467e-05
4.2507523205155,-0.0001774194270356,4.4267053752253226e-05
4.25283181280982,-0.0006321364094636,0.0002695822759337483
4.25429521414435,0.0001656651829473,-0.00011822502898077977
4.25607694389992,0.0007857134556108,4.813578810277926e-05
4.25815583886737,-5.32619347276265e-06,0.00014255892048282637
4.26104885681176,-0.001867462348802,2.5984840852130854e-05
4.26306286116764,-0.0001718836756787,7.138146253040958e-05
4.26453604382974,0.0002266812736432,4.519727791699463e-05
4.26640008791783,0.0015316853585739,0.0001336161086685733
4.26880923942868,0.0002387143637321,-5.075516571502769e-05
4.27157892908297,-0.0009587582702293,0.00019758421134221914
4.27335550411752,-0.0006509343454867,-2.7567675860876696e-05
4.27482735585077,0.0017822843184986,8.403175574254615e-05
4.2766466692463,0.0007212018050548,0.00015911256717620505
4.27961404711181,-0.0008635582297746,-0.00017561337695424866
4.28193792963646,0.0011029973682391,0.00023796878910730947
4.28374341774462,-0.0004338709177298,7.013520106373559e-05
4.28520892769502,-0.0010832999217445,1.3887595390249599e-05
4.2871595485561,-0.0019202247150123,0.00010179786670073386
4.28996350054189,3.20163659785706e-05,-0.00019836416597806677
4.29210964057167,-0.0014854404575566,-5.2933377089301654e-05
4.29386709575198,0.0007608931465788,3.17430368440942e-05
4.29540979210974,-0.0008782985330329,5.339226854349369e-05
4.29738553092371,0.0011948830530682,5.616833238205478e-05
4.30024511973495,-0.0006871576973043,4.8701077673317126e-05
4.30238309796037,-0.0004345094480873,-0.0001558687284320033
4.30399682661937,0.0004518458300142,0.00011172890222381696
4.30563352121856,0.00048547089828,-1.519546454277886e-05
4.30762827381091,0.0006039160839698,9.640043965106394e-05
4.31071600253326,0.0005637154245786,-0.00010182686103800238
4.31265665827725,0.0003386076052004,-8.168002072074667e-05
4.31418306689706,0.0009477722656718,-1.2745473362650109e-05
4.31587262713783,-0.0006824857529233,6.499596214917405e-05
4.31806889280549,-0.0007227179890503,-0.00012202366091505208
4.32095964789922,-0.001689410302335,0.00016266895355780564
4.32285866414716,0.0001724823397506,-1.2713196659544777e-05
4.32434445462015,0.0008768058011939,1.3081968713224818e-05
4.32604794974052,0.0011669146266286,-3.636584581093038e-05
4.3282994761182,0.0004022918562982,0.00012507673061889997
4.33135027485566,0.0017371992198783,-1.957550777017896e-05
4.33322207102885,0.0001913692723468,-0.00011546181649099469
4.33463001150484,-1.33363690047929e-05,1.5119108427615941e-05
4.33636217689207,0.0004495106121929,-5.652892930842007e-05
4.33915830305213,-0.0001236820454822,1.193437571877813e-05
4.34156837527047,0.0009559144320349,-4.1825433995768976e-05
4.3434151877601,0.0001087425946904,0.00012165458467652514
4.34492312404143,0.0011856068347707,0.00019460231059188594
4.34679728115553,0.0004820019885108,-7.058448919515223e-05
4.34972132290089,0.0011029337319018,0.0001604156496762581
4.35193613214227,-0.0006077092069706,-0.0001935906250844862
4.35376321012837,-0.0006698318349215,0.0002073655526593604
4.35536953870604,-0.0011573612281599,0.00016364977617007822
4.35736674865608,0.0014695824229009,4.395311629932032e-05
4.36039242809953,-0.0003171569518111,-9.230293547190474e-05
4.36234799974817,0.0001341735809952,-0.0002744506707583572
4.36399522345269,0.0001473054202355,-1.8329339166453894e-05
4.36551222879829,0.000621760446452,0.0001399185677889273
4.3674206871245,0.0003924822742305,6.760949162344984e-05
4.37036490722439,-0.0021229375689343,-0.00011799277059871355
4.37246764175251,0.0006125097447652,-0.00017539431315769094
4.37410043752304,-0.0007307001663731,-7.856184137826844e-05
4.37578479456885,-0.0015641674067248,-2.88420054436152e-05
4.37792887325594,-0.0007945220488239,3.553590033433365e-06
4.38100293540267,-0.0003189726837953,-5.656435240669102e-05
4.38294327889408,-0.000731133177782,0.00020756560762587786
4.38443472506137,-0.0023049273843168,-0.00015382660474107577
4.38628895898523,-0.0019169262217393,0.00019081964986933134
4.38880209016628,0.0005237104471291,0.0001027497228942763
4.39156378210969,-0.0003875563872259,-0.00019904307428922637
4.3933168011369,-0.0005151792953673,-0.00021595807830357262
4.39473291401906,-0.0025453880459795,0.0001269124809610381
4.39655462914534,0.0012252589208717,-0.0003101884746274549
4.39941033966475,-0.0002952920549254,9.897510624706125e-05
4.40174311368664,0.0006838076990161,5.543330465161825e-06
4.40355843144749,-0.0009303134304594,0.00025589836267610606
4.40500058987267,-0.001825219456169,0.0001776355931207054
4.40700653141856,-0.0003625085099665,5.981631960774024e-06
4.40997286161862,0.0009891700938902,0.0002075756452470974
4.41208194174641,-0.000286418088638,-3.6298853889896735e-05
4.4138369700067,-0.0022682433608555,-4.623159660721635e-05
4.415395847881,0.00176114475861,-6.624096730594536e-05
4.41744324513722,-0.0015882813559794,-9.225022126299497e-05
4.42046424050612,0.0015980867611843,-3.3642332185195306e-05
4.42250355704789,0.0009172352844141,0.00017254340639926563
4.4240864887303,-0.0002464975067801,-0.00016630988267642938
4.42572462434777,0.0004160689412921,-0.00013259480585075118
4.42761722743861,-0.0006934607282019,0.00017739658379323844
4.43057932583233,-0.0010567503452776,-9.900629023595981e-05
4.4326498875045,0.0002093529490838,4.932348476926612e-05
4.43421669806329,0.0002309855315676,0.00018012149424900567
4.43600174001305,-0.0007929634313909,-5.549417938798688e-05
4.43805411176375,-0.0006082682224024,0.00011737659520294698
4.44098486586694,0.0004173857105068,-0.00015542476728735134
4.44297137561774,0.0021201532289038,0.00012165244679379427
4.44442473991115,0.0020058326108128,0.00017064136813916758
4.44621232312277,0.0007769406113425,-0.00010590205324980893
4.44886718110094,-0.001597961937743,-0.0002039839343481063
4.4516383539144,0.0008274674569924,2.1079832034050005e-07
4.45351554759407,0.0004658227592039,-9.482013883066791e-05
4.45507299103857,0.000732119526128,-3.441616542738622e-05
4.45705441208834,-0.0007280842912447,-0.00015014029252157762
4.46018724210669,-0.0012179110305684,-6.478613918121221e-05
4.46235854813223,-0.001715857785146,0.00015306041772479307
4.46404522037712,0.0014121551911584,-7.898405236595805e-07
4.46567644751736,0.0022009303556493,-0.00011478827736744971
4.46765482282758,-0.0014521206853847,2.4037623987605656e-05
4.47074069012115,0.0014092062963379,3.6183721136376724e-05
4.47282266374314,0.0005153029333769,6.17709009506421e-05
4.47437001014001,6.00769051747983e-05,-5.748457914627597e-05
4.47613315580217,-0.0027946693060908,-2.274677860895332e-06
4.47858531307009,-0.0002308855471631,0.0002455039390699356
4.48133133243782,0.0037449185209162,0.0002015203075274023
4.48315035839093,0.0012090925214056,3.189660076007034e-05
4.48463928740862,-0.0005660691988358,-6.423802328057791e-05
4.48641501844096,-0.0001784436755984,1.9173902566231003e-05
4.48904771427854,-0.0003772645228914,7.505960187046169e-05
4.49167773442897,-0.0011926810771887,2.846634137446628e-05
4.49347004436114,-0.0001082680813071,8.323996950391998e-05
4.4948605451962,0.0017711176434525,0.00010545154022943991
4.49682440552303,-0.0020461055606996,-3.1797073718543945e-05
4.49977603991359,0.0002040067023479,-0.00013925396851345787
4.50198806979622,-0.0006540666484215,0.00011544803947791166
4.50378693212284,0.0003745823000185,-0.00015962621261271214
4.50534439277825,0.0002490885507175,-3.5276739104877045e-05
4.50731458584477,0.0006733093125097,0.0001237193443807735
4.51047770104515,-0.0021625618511402,-0.00017528225480697456
4.5124344615057,-0.0026615804461197,0.00010491507310099725
4.51402703414385,-0.0009031133645159,1.315802951097801e-05
4.51561128712177,0.0005929977037716,6.941336291718892e-05
4.51771905517959,-0.0004830242390911,0.0001267093481222852
4.52093863148481,0.000875696601257,-5.87477737552776e-06
4.5229619294992,0.0016893913971104,1.0238092786383136e-05
4.52445964266281,-0.0012292258239482,0.00016000067790049666
4.52636406032753,-0.0012118886662912,-0.00018109447595422682
4.52885049049279,0.0003044301447482,0.00012918216078058612
4.53159994588446,0.0010070702987975,-8.74500855460172e-05
4.53349085274718,-0.0001441549392652,-2.5074624736089135e-05
4.53494180328372,-0.0004759066911005,6.206772549018305e-05
4.53670981725287,-0.0019611594361162,5.00517961060421e-05
4.53936796953893,-0.0005196847366852,-2.5005038287258118e-05
4.54184460620705,0.0008918853974918,0.00024836658154312
4.54372148598827,-0.0001948559208996,-1.347591604151181e-05
4.54515328694233,0.0009064209137437,-2.630815016269935e-05
4.54713322406255,-0.000856699469355,0.00010681145501053395
4.55012718013958,-0.0013706739439953,0.00012732307298650078
4.55229038865999,-0.0015548195621672,8.585760267707186e-05
4.55400982869456,0.0003642061007835,-3.797522456831711e-05
4.55562228314983,0.001863998474504,0.00026459606008770415
4.55788863592525,-0.0011158370461416,-6.8134115143659e-05
4.56091215060007,-0.0003573538448548,-0.0001235694617514257
4.5628974593171,0.0015456538324894,0.00024120691389238732
4.56439569225942,-0.0003333288412583,2.3524881274371438e-05
4.56631350646831,0.0012778677420127,9.305023161317058e-05
4.56870012027552,-0.0009412825537486,0.00012627045512757896
4.57144032371954,0.001064239807064,0.00018290284460807928
4.57331262025253,-0.0006325261640906,3.3714551803551524e-05
4.57482396207139,0.0022709175730655,0.00013333183354745864
4.57679014277774,0.0007473889703454,-0.00016331773965394655
4.57972733221442,0.0002039746957725,-5.550489238279916e-06
4.58204882988746,0.0001866367613162,3.447388487322108e-05
4.58380642240503,0.000176630938583,1.858386274010058e-05
4.58533604612861,-0.0002206334950919,0.0001253882376122573
4.58730629021847,-0.0005312392772953,0.00010801813178587989
4.5902017577945,0.0015839357929834,0.00011686350747874536
4.5923058623014,0.0010765489228316,-7.038559547204277e-05
4.59391267959596,0.0011025927327206,0.0001623183477651002
4.5954258401781,2.78817550064602e-06,-1.2195083127585921e-06
4.59739340845131,0.0016597962682211,-0.00018106270212330888
4.60064065276149,0.0001638676761232,-3.6068111674668354e-05
4.60255451083079,0.0008689525567021,-1.527534260931262e-05
4.60417266123652,-0.0004919497051696,5.1681690043193825e-05
4.60594768175428,0.0001939491440003,-0.00013793269850050468
4.6082894583648,0.0001052689559654,0.00023758450562810093
4.61109846896752,-0.0007440226738155,0.00010637527770208299
4.61309573094803,-4.91419163286214e-05,9.966703335283839e-05
4.61464488407989,-0.0027521898423789,-3.116418619465887e-05
4.61654604922547,-0.0005020136809223,4.141017543317123e-05
4.61908345352324,-6.1356754230556e-06,-5.064707194365621e-05
4.62167847432042,-0.0004310602340281,-8.83931751560686e-05
4.62355235523205,-0.0007428182465898,-1.712843803220162e-05
4.62516878256781,-0.0025824954448332,0.000265202615955656
4.62719928176968,0.0005458028482444,-5.659998137851819e-05
4.63010149226492,0.0014979961421281,3.007758225384595e-05
4.63221373442929,0.000848568328347,4.029146085885046e-05
4.63387715115749,-0.0007057741163117,-0.00010864077546234174
4.63543135076451,0.0009821063183909,-0.00011294498104650847
4.63747418757007,0.002977909431985,-0.00012231159322549298
4.64053940626731,-0.0009107469144484,-4.0314873706419287e-05
4.64254315667073,-0.0002567828467947,3.867181208781327e-05
4.64414540376688,0.0006175884280832,-5.070061738436732e-05
4.64572850074604,0.0015208358139021,6.822325101760339e-05
4.64774542193514,0.0004632618166942,-0.00021909295850509853
4.65072919451528,-0.0017260949748666,8.330687037595706e-05
4.65276420791557,-0.0008085101376262,2.755099952966213e-06
4.65422344750174,-0.0010916403703255,5.537414535387614e-05
4.65600894527842,-0.000134043662181,-5.473715443311231e-06
4.65831539496769,0.001690422198584,9.834217107682128e-05
4.66119752770981,0.0004501669100054,6.550924853440646e-05
4.66307975292646,-0.0017507311788128,-0.00012480322373789685
4.664536532338,0.0009012768282129,1.3657871591353532e-05
4.66626698320211,-0.002061721994083,6.289785289803138e-05
4.66836748666931,-0.0004017102721708,-2.7144731812153634e-05
4.67130289680509,-0.0002253576986527,1.938112416095217e-05
4.67315650246668,-0.0017554919361003,2.332679534654127e-05
4.67465310738933,-0.001272336323661,2.883168363446771e-05
4.67648395042189,0.0003905253687317,4.9100154325835674e-05
4.67899295694304,-0.0006240284665453,0.0001108925796472614
4.68161426089463,-0.0010506654782105,-8.265617223095686e-06
4.68348524495413,-0.0007098791359311,-2.909813306984201e-06
4.68492002496611,0.0004490015723946,-7.920197659377589e-05
4.68686988373267,-0.0017770384316298,7.656744345353819e-05
4.69005888534092,0.0004667743373273,0.00010089342320892295
4.69219052013564,-0.0010050633471425,5.89837763529122e-05
4.69395198376865,-0.0004003500762664,-0.00024839187119776897
4.6954542472508,-0.0004892735084711,-1.7195355485689728e-06
4.69742875649897,-0.0001780658878607,0.00013639515055030295
4.70048227955403,0.0014212453928615,-6.2904594556298335e-06
4.70243357555016,0.0011094781025084,3.813926494249498e-05
4.7040886598713,-0.0010360690584008,8.290758533609444e-06
4.70571238069654,0.0008058969707715,3.4962692956074666e-06
4.70776606647945,0.0001579645119407,8.063078428386915e-05
4.71066757771282,0.0009315537831137,6.685483813823773e-05
4.71253324686247,0.0009042961283077,-1.2680822938612719e-05
4.71411498108181,-0.0004918819910417,-2.6839349282668155e-05
4.71590500796873,0.0003988958253951,-0.00010772041654046291
4.71792054444538,0.0018094114731689,-6.569127542316002e-05
4.72104540008741,-0.0027391944026938,-9.612375018468785e-05
4.72288433440285,0.0001453487347046,-0.00019430333390066588
4.72433402981752,0.0013224707139163,0.00017147461385384966
4.72598393772826,0.0012437105064993,-8.587360520450338e-05
4.72804193008021,0.0008193360719706,-1.0826052602336091e-05
4.73117336283175,-0.0002391746553376,-3.483549297745174e-06
4.73309327498512,0.0022633867292285,3.198841091716919e-05
4.73450608757153,0.0001329724877922,-1.847575987457084e-05
4.73637064189624,0.0003953006245255,0.0002220557426279313
4.73904449061054,-0.0003132216632287,-8.015975647594481e-05
4.7415677734457,0.0012954518087074,-2.4380076491286595e-05
4.74334598255704,0.0018329749391589,-0.00010514298758472407
4.7447939438333,0.0009950335741193,6.878504556001583e-05
4.74662858760452,0.000789461044808,5.821953776074413e-05
4.74929943098625,-0.0005247306728546,0.00026258695258024595
4.75172026553216,0.0008179088999863,-0.00022266136832184527
4.75361730878299,-0.0002791394022776,-9.907837663213616e-06
4.75505021975154,-0.0002353908301515,0.00011498998071694206
4.75704384481786,-2.55819346286877e-05,0.0001674146192363978
4.7599532640507,-0.0008696543170609,-0.00011690311872086058
4.76220476333775,-0.0009098435845001,-0.00017292858812866462
4.76388548066761,0.0013879502701812,-8.612151676090395e-05
4.76546711477328,-0.0008763453152068,-1.2013563454372935e-05
4.76729867234655,-0.0001371283374671,0.00012404780722059737
4.77023064618575,-0.001173206745827,0.0003563142320227246
4.77234647455712,0.000685001448648,-5.2436309758727705e-05
4.77400559796307,-0.0010536467696751,7.878635584346991e-05
4.77566791074997,0.0007572961785404,-6.497067227494188e-06
4.77774226164952,0.0014043204872638,2.615397681030499e-05
4.78065594203826,-0.0010523025454715,5.9202864660961815e-05
4.78265313965522,0.001544429531106,0.00013898087974959314
4.78425328090965,-0.0001773318651659,-0.00020401426489876457
4.78592517617686,0.0027512749104418,-4.897198199990582e-07
4.78801414076383,-0.0012774336217186,-7.107406446690326e-06
4.7910767716617,0.0005106445676655,3.833354545943341e-05
4.7929081073781,-0.0011173762894947,5.895908644155998e-05
4.79438073821208,-0.0005479749582564,1.0322807273288533e-05
4.79618187070044,-0.0025560850457701,4.081908866639673e-05
4.79847371850038,-0.0004939476125327,0.00010769247757186645
4.80132425267856,-0.0012878754274406,0.00011262285728545905
4.80322257643319,-0.0012608353324852,0.00013227114776337366
4.80467223818148,0.0013073044554435,0.00016237473540634957
4.8064354499371,-0.0010175800189798,-6.98201155320192e-05
4.80907459996738,0.0003035571716766,1.6258511803211966e-05
4.81163590451621,-0.0007070840295985,-2.8146117755697084e-05
4.81348250629989,-0.0025204070578504,3.462987032384315e-05
4.81493603972323,0.000308683047828,6.10143133637299e-05
4.81681713380786,0.0012814953805804,-7.615999999987951e-05
4.81969156075708,0.0009229204648164,3.0362359531916877e-05
4.82200822303205,-0.0011527465943597,8.05315119396962e-05
4.82377750925248,8.15690742938137e-05,0.00010726967067024438
4.8252439013085,0.0010526919759848,7.809639740584375e-05
4.82711383236695,0.0019234137202575,0.00011899897685482906
4.83025062862861,-0.0006485896718669,0.0001255199640221595
4.83227884265477,0.0028100117654791,9.439602668148445e-05
4.8339584710748,-0.001012855038002,3.471109310403623e-05
4.83557563270672,-0.0012623716539127,2.8002874495666162e-05
4.83758965053469,-0.0011818225668916,7.416841925018683e-05
4.84063295262292,-4.68690849339616e-05,-0.00029940702043141146
4.84254985640526,0.0012126449634771,0.0002611318768794647
4.84410097736931,-0.0019078142582853,8.11603335320873e-05
4.84578168550891,0.0007149503093919,4.4387214852758496e-05
4.8477278339177,0.0004717966423617,4.8473116541698595e-05
4.85077557896875,-1.28801303600699e-05,0.0001576621936998492
4.85272868093943,0.0008457746211031,-6.553348142466952e-05
4.85424498756741,0.0001847983668207,0.00022633565113897605
4.85587617603959,0.0021398821866291,-0.0002741493884660542
4.85796752452323,-0.000327751179587,0.00011308416428634236
4.8610081851946,-0.0008617540186904,0.00011471131422481119
4.86293452046134,0.0005413068240022,-7.39614726988144e-05
4.86440291673637,-0.001741176589587,-4.426105698658615e-06
4.86605532759332,0.0017186472116368,4.128727114001197e-05
4.8682354315536,0.0004997316649775,2.401577115367522e-05
4.87114625474095,0.0005756230016712,-6.818330845203789e-05
4.87308161143375,-0.0007064744261779,-6.300492456272599e-05
4.87452081545552,0.0005173247954136,-5.447273054782769e-05
4.87636133624148,0.0003615388996036,8.045109021153068e-05
4.87888963933219,-0.0002218379407457,3.821227630223451e-05
4.88169253270575,-0.0001300687442353,-0.00010314645685472822
4.88358958179201,0.0001031453168252,-4.601104429012442e-06
4.88516325929286,-0.0011682104170887,1.7334581016356059e-06
4.88722320155554,0.0001046999851015,-3.3062826147357016e-05
4.89029098989599,-0.0012736007622637,0.00030992415831915845
4.89252256463327,0.0003359489403649,3.0077252481735243e-05
4.89410720698569,-0.0026361546962782,8.77908811414624e-06
4.89573663243018,-0.0016391566219688,0.00018482954850658953
4.89782297013,-6.35582665038931e-05,4.687004419298515e-05
4.90083344311818,0.0010734920668881,-8.559039944293538e-05
4.90264650966271,-0.0005310877052864,0.0002274113495849325
4.90421219746456,0.0001671077446857,-8.349680470541857e-05
4.90590673728344,-0.0001888870900314,-6.596209028594519e-05
4.90822392724962,-0.0012154031440249,9.535540273145564e-05
4.91129884540231,-0.0025451207476271,-7.569034241025903e-05
4.9133061269132,0.0017768426226145,-0.00013333636246211882
4.91474850311711,-0.0019096079868784,4.298353226626472e-05
4.91649582452839,-0.000292027582328,2.3976271496043856e-05
4.91928180077249,-0.0010825767812606,-8.307247927891226e-05
4.92178219760274,0.0012712349499714,-9.302191377972667e-06
4.92352556397259,0.0003568859775261,-2.248553808438507e-05
4.92486855405219,-0.0001464659064038,2.626031309785831e-05
4.92676905754086,-0.0012684941816173,0.00012388035573185485
4.92946540563332,0.0002061646186876,0.0001061349856762451
4.93175219004383,-9.83439266609264e-05,-5.2514838043993866e-05
4.93358569311441,0.0007720178763456,-4.268659753807712e-05
4.93497164815499,-0.0017697066976766,-8.210215504275126e-05
4.93685552906782,-0.0001895905660789,5.752564914324517e-05
4.93987035400973,-0.0011122873942895,0.0002063096793937712
4.94195555870041,0.0005188072605903,6.602892412812346e-05
4.94373217872731,0.0012407641722331,0.00019505934932775566
4.94525691495299,0.0001889316214323,-3.0419101401802856e-05
4.94717200654336,-0.0005975044828861,4.1219092194475266e-05
4.95008914259914,0.0010856667627625,-8.32183993839717e-05
4.95228520279055,0.0002323064360863,5.498188055986338e-05
4.95392801494826,0.0018674942828103,-7.063980705029657e-05
4.95552024239581,0.0006957661931038,0.0001345768071981517
4.95743064604924,-0.0015075369210218,2.8900927020221177e-05
4.96037636243141,0.0003013841122018,-6.067852010925455e-06
4.96244522786238,0.0011279679664126,8.270717770857973e-06
4.96406157321633,0.0015594439688594,-2.0628104987455937e-05
4.96563040011869,-0.000977380792139,-9.098448552863029e-05
4.96777707056427,0.0018253966048859,-4.356382850670635e-05
4.97072130254032,0.0013372100969578,9.56616318181297e-06
4.97269834092751,-8.10566787878811e-05,0.00012491552644256198
4.97416014223209,-0.0018662740723456,6.502805084061896e-06
4.97597521416835,0.0007087845331793,0.0001277187753499878
4.97837311434838,-0.0005128755589069,9.462925206337516e-05
4.98117422481092,0.0006469745465847,1.628279279808013e-05
4.98306633471608,-0.0003264400775651,2.0051557454505373e-05
4.9845514551159,0.0003705374612399,-0.00017967790515199995
4.98646189355179,-0.0005717757874969,-5.2562767059201925e-05
4.98911305964883,0.0006062018837215,5.246887412258968e-05
4.99162433604203,-0.0001415790593702,0.00011925196387835955
4.99348736690416,-0.0009553016607555,0.0001167917995596271
4.99486770763344,0.0003439247903337,-0.00021580643966759161
4.99682154309605,-0.0007915947319286,-0.0001601708203524227
4.99982079861452,-0.0004620523320881,1.6273012511783928e-05
